[
  {
    "pk": 1, 
    "model": "form.app", 
    "fields": {
      "name": "iavi"
    }
  }, 
  {
    "pk": 100, 
    "model": "patterns.pattern", 
    "fields": {
      "regex": "(reg[a-z]*)", 
      "name": "register"
    }
  }, 
  {
    "pk": 101, 
    "model": "patterns.pattern", 
    "fields": {
      "regex": "(\\d+)", 
      "name": "numbers"
    }
  }, 
  {
    "pk": 102, 
    "model": "patterns.pattern", 
    "fields": {
      "regex": "(\\w+)", 
      "name": "letters"
    }
  }, 
  {
    "pk": 103, 
    "model": "patterns.pattern", 
    "fields": {
      "regex": "(t[a-z]+t)", 
      "name": "test"
    }
  }, 
  {
    "pk": 104, 
    "model": "patterns.pattern", 
    "fields": {
      "regex": "(p[a-z]+p)", 
      "name": "prep"
    }
  },

  
  {
    "pk": 1, 
    "model": "form.form", 
    "fields": {
      "form_tokens": [
        1, 
        2, 
        3, 
        4
      ], 
      "code": 1, 
      "apps": [
        1
      ], 
      "name": "register"
    }
  }, 
  {
    "pk": 2, 
    "model": "form.form", 
    "fields": {
      "form_tokens": [
        5, 
        6
      ], 
      "code": 6, 
      "apps": [
        1
      ], 
      "name": "test"
    }
  }, 
  {
    "pk": 1, 
    "model": "form.token", 
    "fields": {
      "abbreviation": "register", 
      "patterns": [
        100
      ], 
      "name": "register"
    }
  }, 
  {
    "pk": 2, 
    "model": "form.token", 
    "fields": {
      "abbreviation": "language", 
      "patterns": [
        102
      ], 
      "name": "language"
    }
  }, 
  {
    "pk": 3, 
    "model": "form.token", 
    "fields": {
      "abbreviation": "location", 
      "patterns": [
        101
      ], 
      "name": "location"
    }
  }, 
  {
    "pk": 4, 
    "model": "form.token", 
    "fields": {
      "abbreviation": "study_id", 
      "patterns": [
        101
      ], 
      "name": "study id"
    }
  }, 
  {
    "pk": 5, 
    "model": "form.token", 
    "fields": {
      "abbreviation": "time", 
      "patterns": [
        101
      ], 
      "name": "time"
    }
  }, 
  {
    "pk": 6, 
    "model": "form.token", 
    "fields": {
      "abbreviation": "test", 
      "patterns": [
        103
      ], 
      "name": "test"
    }
  }, 
  {
    "pk": 7, 
    "model": "form.token", 
    "fields": {
      "abbreviation": "prep", 
      "patterns": [
        104
      ], 
      "name": "Iavi Keyword"
    }
  }, 
  {
    "pk": 1, 
    "model": "form.formtoken", 
    "fields": {
      "token": 2, 
      "required": true, 
      "sequence": 1
    }
  }, 
  {
    "pk": 2, 
    "model": "form.formtoken", 
    "fields": {
      "token": 3, 
      "required": true, 
      "sequence": 2
    }
  }, 
  {
    "pk": 3, 
    "model": "form.formtoken", 
    "fields": {
      "token": 4, 
      "required": true, 
      "sequence": 3
    }
  }, 
  {
    "pk": 4, 
    "model": "form.formtoken", 
    "fields": {
      "token": 5, 
      "required": false, 
      "sequence": 4
    }
  }, 
  {
    "pk": 5, 
    "model": "form.formtoken", 
    "fields": {
      "token": 3, 
      "required": true, 
      "sequence": 1
    }
  }, 
  {
    "pk": 6, 
    "model": "form.formtoken", 
    "fields": {
      "token": 4, 
      "required": true, 
      "sequence": 2
    }
  }, 
  {
    "pk": 1, 
    "model": "form.domainform", 
    "fields": {
      "form": 1, 
      "sequence": 1
    }
  }, 
  {
    "pk": 2, 
    "model": "form.domainform", 
    "fields": {
      "form": 2, 
      "sequence": 2
    }
  }, 
  {
    "pk": 1, 
    "model": "form.domain", 
    "fields": {
      "code": 7, 
      "domain_forms": [
        1, 
        2
      ], 
      "name": "Iavi"
    }
  }, 
  {
    "pk": 1, 
    "model": "form.formentry", 
    "fields": {
      "date": "2009-06-10 17:58:39", 
      "domain": 1, 
      "form": 1, 
      "reporter": null
    }
  }, 
  {
    "pk": 2, 
    "model": "form.formentry", 
    "fields": {
      "date": "2009-06-10 18:04:05", 
      "domain": 1, 
      "form": 1, 
      "reporter": null
    }
  }, 
  {
    "pk": 3, 
    "model": "form.formentry", 
    "fields": {
      "date": "2009-06-10 18:05:36", 
      "domain": 1, 
      "form": 1, 
      "reporter": null
    }
  }, 
  {
    "pk": 4, 
    "model": "form.formentry", 
    "fields": {
      "date": "2009-06-10 18:09:16", 
      "domain": 1, 
      "form": 1, 
      "reporter": null
    }
  }, 
  {
    "pk": 5, 
    "model": "form.formentry", 
    "fields": {
      "date": "2009-06-10 18:10:03", 
      "domain": 1, 
      "form": 1, 
      "reporter": null
    }
  }, 
  {
    "pk": 6, 
    "model": "form.formentry", 
    "fields": {
      "date": "2009-06-10 18:10:31", 
      "domain": 1, 
      "form": 1, 
      "reporter": null
    }
  }, 
  {
    "pk": 7, 
    "model": "form.formentry", 
    "fields": {
      "date": "2009-06-10 18:11:16", 
      "domain": 1, 
      "form": 1, 
      "reporter": null
    }
  }, 
  {
    "pk": 8, 
    "model": "form.formentry", 
    "fields": {
      "date": "2009-06-10 18:11:56", 
      "domain": 1, 
      "form": 1, 
      "reporter": null
    }
  }, 
  {
    "pk": 9, 
    "model": "form.formentry", 
    "fields": {
      "date": "2009-06-10 18:12:38", 
      "domain": 1, 
      "form": 1, 
      "reporter": null
    }
  }, 
  {
    "pk": 10, 
    "model": "form.formentry", 
    "fields": {
      "date": "2009-06-10 18:13:48", 
      "domain": 1, 
      "form": 1, 
      "reporter": null
    }
  }, 
  {
    "pk": 11, 
    "model": "form.formentry", 
    "fields": {
      "date": "2009-06-10 18:14:13", 
      "domain": 1, 
      "form": 1, 
      "reporter": null
    }
  }, 
  {
    "pk": 1, 
    "model": "form.tokenentry", 
    "fields": {
      "token": 2, 
      "data": "en", 
      "form_entry": 1
    }
  }, 
  {
    "pk": 2, 
    "model": "form.tokenentry", 
    "fields": {
      "token": 3, 
      "data": "22", 
      "form_entry": 1
    }
  }, 
  {
    "pk": 3, 
    "model": "form.tokenentry", 
    "fields": {
      "token": 4, 
      "data": "001", 
      "form_entry": 1
    }
  }, 
  {
    "pk": 4, 
    "model": "form.tokenentry", 
    "fields": {
      "token": 5, 
      "data": "", 
      "form_entry": 1
    }
  }, 
  {
    "pk": 5, 
    "model": "form.tokenentry", 
    "fields": {
      "token": 2, 
      "data": "en", 
      "form_entry": 2
    }
  }, 
  {
    "pk": 6, 
    "model": "form.tokenentry", 
    "fields": {
      "token": 3, 
      "data": "22", 
      "form_entry": 2
    }
  }, 
  {
    "pk": 7, 
    "model": "form.tokenentry", 
    "fields": {
      "token": 4, 
      "data": "001", 
      "form_entry": 2
    }
  }, 
  {
    "pk": 8, 
    "model": "form.tokenentry", 
    "fields": {
      "token": 5, 
      "data": "", 
      "form_entry": 2
    }
  }, 
  {
    "pk": 9, 
    "model": "form.tokenentry", 
    "fields": {
      "token": 2, 
      "data": "en", 
      "form_entry": 3
    }
  }, 
  {
    "pk": 10, 
    "model": "form.tokenentry", 
    "fields": {
      "token": 3, 
      "data": "22", 
      "form_entry": 3
    }
  }, 
  {
    "pk": 11, 
    "model": "form.tokenentry", 
    "fields": {
      "token": 4, 
      "data": "001", 
      "form_entry": 3
    }
  }, 
  {
    "pk": 12, 
    "model": "form.tokenentry", 
    "fields": {
      "token": 5, 
      "data": "", 
      "form_entry": 3
    }
  }, 
  {
    "pk": 13, 
    "model": "form.tokenentry", 
    "fields": {
      "token": 2, 
      "data": "en", 
      "form_entry": 4
    }
  }, 
  {
    "pk": 14, 
    "model": "form.tokenentry", 
    "fields": {
      "token": 3, 
      "data": "22", 
      "form_entry": 4
    }
  }, 
  {
    "pk": 15, 
    "model": "form.tokenentry", 
    "fields": {
      "token": 4, 
      "data": "001", 
      "form_entry": 4
    }
  }, 
  {
    "pk": 16, 
    "model": "form.tokenentry", 
    "fields": {
      "token": 5, 
      "data": "", 
      "form_entry": 4
    }
  }, 
  {
    "pk": 17, 
    "model": "form.tokenentry", 
    "fields": {
      "token": 2, 
      "data": "en", 
      "form_entry": 5
    }
  }, 
  {
    "pk": 18, 
    "model": "form.tokenentry", 
    "fields": {
      "token": 3, 
      "data": "22", 
      "form_entry": 5
    }
  }, 
  {
    "pk": 19, 
    "model": "form.tokenentry", 
    "fields": {
      "token": 4, 
      "data": "001", 
      "form_entry": 5
    }
  }, 
  {
    "pk": 20, 
    "model": "form.tokenentry", 
    "fields": {
      "token": 5, 
      "data": "", 
      "form_entry": 5
    }
  }, 
  {
    "pk": 21, 
    "model": "form.tokenentry", 
    "fields": {
      "token": 2, 
      "data": "en", 
      "form_entry": 6
    }
  }, 
  {
    "pk": 22, 
    "model": "form.tokenentry", 
    "fields": {
      "token": 3, 
      "data": "22", 
      "form_entry": 6
    }
  }, 
  {
    "pk": 23, 
    "model": "form.tokenentry", 
    "fields": {
      "token": 4, 
      "data": "001", 
      "form_entry": 6
    }
  }, 
  {
    "pk": 24, 
    "model": "form.tokenentry", 
    "fields": {
      "token": 5, 
      "data": "", 
      "form_entry": 6
    }
  }, 
  {
    "pk": 25, 
    "model": "form.tokenentry", 
    "fields": {
      "token": 2, 
      "data": "en", 
      "form_entry": 7
    }
  }, 
  {
    "pk": 26, 
    "model": "form.tokenentry", 
    "fields": {
      "token": 3, 
      "data": "22", 
      "form_entry": 7
    }
  }, 
  {
    "pk": 27, 
    "model": "form.tokenentry", 
    "fields": {
      "token": 4, 
      "data": "001", 
      "form_entry": 7
    }
  }, 
  {
    "pk": 28, 
    "model": "form.tokenentry", 
    "fields": {
      "token": 5, 
      "data": "", 
      "form_entry": 7
    }
  }, 
  {
    "pk": 29, 
    "model": "form.tokenentry", 
    "fields": {
      "token": 2, 
      "data": "en", 
      "form_entry": 8
    }
  }, 
  {
    "pk": 30, 
    "model": "form.tokenentry", 
    "fields": {
      "token": 3, 
      "data": "22", 
      "form_entry": 8
    }
  }, 
  {
    "pk": 31, 
    "model": "form.tokenentry", 
    "fields": {
      "token": 4, 
      "data": "001", 
      "form_entry": 8
    }
  }, 
  {
    "pk": 32, 
    "model": "form.tokenentry", 
    "fields": {
      "token": 5, 
      "data": "", 
      "form_entry": 8
    }
  }, 
  {
    "pk": 33, 
    "model": "form.tokenentry", 
    "fields": {
      "token": 2, 
      "data": "en", 
      "form_entry": 9
    }
  }, 
  {
    "pk": 34, 
    "model": "form.tokenentry", 
    "fields": {
      "token": 3, 
      "data": "22", 
      "form_entry": 9
    }
  }, 
  {
    "pk": 35, 
    "model": "form.tokenentry", 
    "fields": {
      "token": 4, 
      "data": "001", 
      "form_entry": 9
    }
  }, 
  {
    "pk": 36, 
    "model": "form.tokenentry", 
    "fields": {
      "token": 5, 
      "data": "", 
      "form_entry": 9
    }
  }, 
  {
    "pk": 37, 
    "model": "form.tokenentry", 
    "fields": {
      "token": 2, 
      "data": "en", 
      "form_entry": 10
    }
  }, 
  {
    "pk": 38, 
    "model": "form.tokenentry", 
    "fields": {
      "token": 3, 
      "data": "22", 
      "form_entry": 10
    }
  }, 
  {
    "pk": 39, 
    "model": "form.tokenentry", 
    "fields": {
      "token": 4, 
      "data": "001", 
      "form_entry": 10
    }
  }, 
  {
    "pk": 40, 
    "model": "form.tokenentry", 
    "fields": {
      "token": 5, 
      "data": "", 
      "form_entry": 10
    }
  }, 
  {
    "pk": 41, 
    "model": "form.tokenentry", 
    "fields": {
      "token": 2, 
      "data": "en", 
      "form_entry": 11
    }
  }, 
  {
    "pk": 42, 
    "model": "form.tokenentry", 
    "fields": {
      "token": 3, 
      "data": "22", 
      "form_entry": 11
    }
  }, 
  {
    "pk": 43, 
    "model": "form.tokenentry", 
    "fields": {
      "token": 4, 
      "data": "001", 
      "form_entry": 11
    }
  }, 
  {
    "pk": 44, 
    "model": "form.tokenentry", 
    "fields": {
      "token": 5, 
      "data": "", 
      "form_entry": 11
    }
  }
]
  
