[
  {
    "pk": 1, 
    "model": "patterns.pattern", 
    "fields": {
      "regex": "(en|eng)", 
      "name": "en"
    }
  }, 
  {
    "pk": 2, 
    "model": "patterns.pattern", 
    "fields": {
      "regex": "(lg|lug|ug)", 
      "name": "lg"
    }
  }, 
  {
    "pk": 3, 
    "model": "patterns.pattern", 
    "fields": {
      "regex": "(sw|swa|swc|swh)", 
      "name": "sw"
    }
  }, 
  {
    "pk": 4, 
    "model": "patterns.pattern", 
    "fields": {
      "regex": "(n|no|ne|ned|nedd|neda|nedda|2)", 
      "name": "uganda no"
    }
  }, 
  {
    "pk": 5, 
    "model": "patterns.pattern", 
    "fields": {
      "regex": "(y|yes|ye|yee|yea|1)", 
      "name": "uganda yes"
    }
  }, 
  {
    "pk": 1, 
    "model": "i18n.language", 
    "fields": {
      "pattern": 1, 
      "name": "English"
    }
  }, 
  {
    "pk": 2, 
    "model": "i18n.language", 
    "fields": {
      "pattern": 2, 
      "name": "Luganda"
    }
  }, 
  {
    "pk": 3, 
    "model": "i18n.language", 
    "fields": {
      "pattern": 3, 
      "name": "Swahili"
    }
  }, 
  {
    "pk": 1, 
    "model": "i18n.translation", 
    "fields": {
      "translation": "Wetabyeeko mu kikolwa eky'omukwano n'omwagalwawo gw'olinaye mukunoonyereza kuno mu lunaku lumu oluyise?", 
      "original": "Did you have sex with your main partner in the last 24 hours?", 
      "language": 2
    }
  }, 
  {
    "pk": 2, 
    "model": "i18n.translation", 
    "fields": {
      "translation": "Mwakozesezza kondomu?", 
      "original": "Did you use a condom?", 
      "language": 2
    }
  }, 
  {
    "pk": 3, 
    "model": "i18n.translation", 
    "fields": {
      "translation": "Wetabyeeko mu kikolwa ky'omukwano n'omwagalwawo omulala yenna mu lunaku lumu oluyise?", 
      "original": "Did you have sex with any other partner in the last 24 hours?", 
      "language": 2
    }
  }, 
  {
    "pk": 4, 
    "model": "i18n.translation", 
    "fields": {
      "translation": "Ssebo/Nnyabo Yingiza ennamba yo eye'kyaama mu ssimu yo. Era ennamba eyo giwereze ku kompyuta yaffe.", 
      "original": "Hello, Please Reply With Your PIN", 
      "language": 2
    }
  }, 
  {
    "pk": 5, 
    "model": "i18n.translation", 
    "fields": {
      "translation": "Ebibuuzo bino bikomye wano. Webale nnyo kuwaayo budde bwo.", 
      "original": "Questionnaire is complete. Thank you.", 
      "language": 2
    }
  }, 
  {
    "pk": 6, 
    "model": "i18n.translation", 
    "fields": {
      "translation": "Tafadhali peana jibu ukitumia nambari yako binafsi ya kujitambulisha", 
      "original": "Hello, Please Reply With Your PIN", 
      "language": 3
    }
  }, 
  {
    "pk": 7, 
    "model": "i18n.translation", 
    "fields": {
      "translation": "Umefanya mapenzi mara ngapi kwa masaa ishirini na nne iliopita?", 
      "original": "How many times did you have sex in the last 24 hours?", 
      "language": 3
    }
  }, 
  {
    "pk": 8, 
    "model": "i18n.translation", 
    "fields": {
      "translation": "Kwa masaa hiyo ishirini na nne iliopita, ulitumia mipira ya Kondom mara ngapi ulipofanya mapenzi?", 
      "original": "Of the number of times that you had sex in the last 24 hours, how many times were condoms used?", 
      "language": 3
    }
  }, 
  {
    "pk": 9, 
    "model": "i18n.translation", 
    "fields": {
      "translation": "Maswali yamekwisha. Kumbuka kutumia mpira mpya wa kondom kila unavyo fanya mapenzi na kumeza dawa kama ulivyoshauriwa. Asante sana", 
      "original": "Interview is complete. Remember to use a new condom each time you have sex and take your pills as agreed. Thank you", 
      "language": 3
    }
  }, 
  {
    "pk": 10, 
    "model": "i18n.translation", 
    "fields": {
      "translation": "\"%(answer)s\" silo jibu sahihi.", 
      "original": "\"%(answer)s\" is not a valid answer. ", 
      "language": 3
    }
  }, 
  {
    "pk": 11, 
    "model": "i18n.translation", 
    "fields": {
      "translation": "Samahani, jibu lisilo sahihi mara %(retries)s. Muda wako umekwisha. Tafadhali jaribu tena baadaye", 
      "original": "Sorry, invalid answer %(retries)s times. Your session will now end. Please try again later.", 
      "language": 3
    }
  }, 
  {
    "pk": 12, 
    "model": "i18n.translation", 
    "fields": {
      "translation": "Samahani, nambari uliyopeana sio sahihi. Tafadhali jaribu kubonyeza nambari yako ya kujitambulisha tena", 
      "original": "Sorry, that wasn't the right PIN. Please try sending your 4-digit PIN again", 
      "language": 3
    }
  }, 
  {
    "pk": 13, 
    "model": "i18n.translation", 
    "fields": {
      "translation": "\"%(answer)s\" silo jibu sahihi. Lazima ubonyeze ndio au la", 
      "original": "\"%(answer)s\" is not a valid answer. You must enter yes or no", 
      "language": 3
    }
  }, 
  {
    "pk": 14, 
    "model": "i18n.translation", 
    "fields": {
      "translation": "\"%(answer)s\" sio jibu sahihi. Lazima ubonyeze nambari kati ya sufuri hadi kumi na tisa", 
      "original": "\"%(answer)s\" is not a valid answer. You must enter a number between 0 and 19", 
      "language": 3
    }
  }, 
  {
    "pk": 15, 
    "model": "i18n.translation", 
    "fields": {
      "translation": "\"%(answer)s\" silo jibu sahihi. Lazima ubonyeze %(hint)s", 
      "original": "\"%(answer)s\" is not a valid answer. You must enter %(hint)s", 
      "language": 3
    }
  },
  {
    "pk": 16, 
    "model": "i18n.translation", 
    "fields": {
      "translation": "nambari inayolingana au iliyo chini ya jibu uliopeana hapo awali", 
      "original": "a number less than or equal to the previous answer",  
      "language": 3
    }
  },
  {
    "pk": 27, 
    "model": "i18n.translation", 
    "fields": {
      "translation": "\"%(answer)s\" tekirizibwa. Olina kunyiga emu (1) bwekiba nga kituufu oba bbiri (2) bwekiba nga tekikirizibwa.", 
      "original": "\"%(answer)s\" is not a valid answer. You must enter 1 for yes or 2 for no", 
      "language": 2
    }
  }, 
  {
    "pk": 28, 
    "model": "i18n.translation", 
    "fields": {
      "translation": "\"%(answer)s\" tekirizibwa. Olina okuyingiza ennamba wakati wa zero ne kumi na mwenda.", 
      "original": "\"%(answer)s\" is not a valid answer. You must enter a number between 0 and 19", 
      "language": 2
    }
  }, 
  {
    "pk": 29, 
    "model": "i18n.translation", 
    "fields": {
      "translation": "Tusonyiwe, kyoyingizamu tekikirizibwa %(retries)s. Emirundi gy'okuyingizamu egikirizibwa gikomye wano. Ddamu ogezeeko oluvanyuma lw\u2019akaseera.", 
      "original": "Sorry, invalid answer %(retries)s times. Your session will now end. Please try again later.", 
      "language": 2
    }
  }, 
  {
    "pk": 30, 
    "model": "i18n.translation", 
    "fields": {
      "translation": "Tusonyiwe, ennamba gyoyingiza sintuufu. Ddamu ogezeeko nga'onyiga ennamba nnya ez'akuwebwa.", 
      "original": "Sorry, that wasn't the right PIN. Please try sending your 4-digit PIN again", 
      "language": 2
    }
  }, 
  {
    "pk": 31, 
    "model": "i18n.translation", 
    "fields": {
      "translation": "\"%(answer)s\" tekirizibwa. Nyiga \"Yee\" oba \"nedda\"", 
      "original": "\"%(answer)s\" is not a valid answer. You must enter yes or no", 
      "language": 2
    }
  }, 
  {
    "pk": 32, 
    "model": "i18n.translation", 
    "fields": {
      "translation": "\"%(answer)s\" tekirizibwa. Olina okuyingiza ennamba eri wansi oba eyenkana ne gyewasose okuyingizamu", 
      "original": "\"%(answer)s\" is not a valid answer. You must enter a number less than or equal to the previous answer", 
      "language": 2
    }
  },
  {
    "pk": 33, 
    "model": "i18n.translation", 
    "fields": {
      "translation": "\"%(answer)s\" silo jibu sahihi. Lazima ubonyeze nambari inayolingana au iliyo chini ya jibu uliopeana hapo awali", 
      "original": "\"%(answer)s\" is not a valid answer. You must enter a number less than or equal to the previous answer", 
      "language": 3
    }
  },
  {
    "pk": 1, 
    "model": "tree.question", 
    "fields": {
      "text": "Hello, Please Reply With Your PIN", 
      "error_response": "Sorry, that wasn't the right PIN. Please try sending your 4-digit PIN again"
    }
  }, 
  {
    "pk": 2, 
    "model": "tree.question", 
    "fields": {
      "text": "Did you have sex with your main partner in the last 24 hours?", 
      "error_response": null
    }
  }, 
  {
    "pk": 3, 
    "model": "tree.question", 
    "fields": {
      "text": "Did you use a condom?", 
      "error_response": null
    }
  }, 
  {
    "pk": 4, 
    "model": "tree.question", 
    "fields": {
      "text": "Did you have sex with any other partner in the last 24 hours?", 
      "error_response": null
    }
  }, 
  {
    "pk": 5, 
    "model": "tree.question", 
    "fields": {
      "text": "How many times did you have sex in the last 24 hours?", 
      "error_response": "\"%(answer)s\" is not a valid answer. You must enter a number between 0 and 19"
    }
  }, 
  {
    "pk": 6, 
    "model": "tree.question", 
    "fields": {
      "text": "Of the number of times that you had sex in the last 24 hours, how many times were condoms used?", 
      "error_response": null
    }
  }, 
  {
    "pk": 1, 
    "model": "tree.tree", 
    "fields": {
      "root_state": 1, 
      "trigger": "iavi uganda", 
      "completion_text": "Questionnaire is complete. Thank you."
    }
  }, 
  {
    "pk": 2, 
    "model": "tree.tree", 
    "fields": {
      "root_state": 6, 
      "trigger": "iavi kenya", 
      "completion_text": "Interview is complete. Remember to use a new condom each time you have sex and take your pills as agreed. Thank you"
    }
  }, 
  {
    "pk": 1, 
    "model": "tree.answer", 
    "fields": {
      "answer": "validate_pin", 
      "type": "C", 
      "name": "pin validation", 
      "description": "your 4-digit PIN"
    }
  }, 
  {
    "pk": 2, 
    "model": "tree.answer", 
    "fields": {
      "answer": "(y|yes|ye|yee|yea|1)", 
      "type": "R", 
      "name": "uganda yes", 
      "description": "1 for yes"
    }
  }, 
  {
    "pk": 3, 
    "model": "tree.answer", 
    "fields": {
      "answer": "(n|no|ne|ned|nedd|neda|nedda|2)", 
      "type": "R", 
      "name": "uganda no", 
      "description": "2 for no"
    }
  }, 
  {
    "pk": 4, 
    "model": "tree.answer", 
    "fields": {
      "answer": "validate_1_to_19", 
      "type": "C", 
      "name": "1 to 19", 
      "description": "a number between 1 and 19"
    }
  }, 
  {
    "pk": 5, 
    "model": "tree.answer", 
    "fields": {
      "answer": "(0|zero|none)", 
      "type": "R", 
      "name": "zero", 
      "description": "0"
    }
  }, 
  {
    "pk": 6, 
    "model": "tree.answer", 
    "fields": {
      "answer": "validate_num_times_condoms_used", 
      "type": "C", 
      "name": "times condoms used", 
      "description": "a number less than or equal to the previous answer"
    }
  }, 
  {
    "pk": 1, 
    "model": "tree.treestate", 
    "fields": {
      "num_retries": 5, 
      "question": 1, 
      "name": "uganda_root"
    }
  }, 
  {
    "pk": 2, 
    "model": "tree.treestate", 
    "fields": {
      "num_retries": null, 
      "question": 2, 
      "name": "uganda_main_1"
    }
  }, 
  {
    "pk": 3, 
    "model": "tree.treestate", 
    "fields": {
      "num_retries": null, 
      "question": 3, 
      "name": "uganda_main_2"
    }
  }, 
  {
    "pk": 4, 
    "model": "tree.treestate", 
    "fields": {
      "num_retries": null, 
      "question": 4, 
      "name": "uganda_main_3"
    }
  }, 
  {
    "pk": 5, 
    "model": "tree.treestate", 
    "fields": {
      "num_retries": null, 
      "question": 3, 
      "name": "uganda_main_4"
    }
  }, 
  {
    "pk": 6, 
    "model": "tree.treestate", 
    "fields": {
      "num_retries": 5, 
      "question": 1, 
      "name": "kenya_root"
    }
  }, 
  {
    "pk": 7, 
    "model": "tree.treestate", 
    "fields": {
      "num_retries": 3, 
      "question": 5, 
      "name": "kenya_main_1"
    }
  }, 
  {
    "pk": 8, 
    "model": "tree.treestate", 
    "fields": {
      "num_retries": 3, 
      "question": 6, 
      "name": "kenya_main_2"
    }
  }, 
  {
    "pk": 1, 
    "model": "tree.transition", 
    "fields": {
      "answer": 1, 
      "current_state": 1, 
      "next_state": 2
    }
  }, 
  {
    "pk": 2, 
    "model": "tree.transition", 
    "fields": {
      "answer": 2, 
      "current_state": 2, 
      "next_state": 3
    }
  }, 
  {
    "pk": 3, 
    "model": "tree.transition", 
    "fields": {
      "answer": 3, 
      "current_state": 2, 
      "next_state": 4
    }
  }, 
  {
    "pk": 4, 
    "model": "tree.transition", 
    "fields": {
      "answer": 2, 
      "current_state": 3, 
      "next_state": 4
    }
  }, 
  {
    "pk": 5, 
    "model": "tree.transition", 
    "fields": {
      "answer": 3, 
      "current_state": 3, 
      "next_state": 4
    }
  }, 
  {
    "pk": 6, 
    "model": "tree.transition", 
    "fields": {
      "answer": 2, 
      "current_state": 4, 
      "next_state": 5
    }
  }, 
  {
    "pk": 7, 
    "model": "tree.transition", 
    "fields": {
      "answer": 3, 
      "current_state": 4, 
      "next_state": null
    }
  }, 
  {
    "pk": 8, 
    "model": "tree.transition", 
    "fields": {
      "answer": 2, 
      "current_state": 5, 
      "next_state": null
    }
  }, 
  {
    "pk": 9, 
    "model": "tree.transition", 
    "fields": {
      "answer": 3, 
      "current_state": 5, 
      "next_state": null
    }
  }, 
  {
    "pk": 10, 
    "model": "tree.transition", 
    "fields": {
      "answer": 1, 
      "current_state": 6, 
      "next_state": 7
    }
  }, 
  {
    "pk": 11, 
    "model": "tree.transition", 
    "fields": {
      "answer": 4, 
      "current_state": 7, 
      "next_state": 8
    }
  }, 
  {
    "pk": 12, 
    "model": "tree.transition", 
    "fields": {
      "answer": 5, 
      "current_state": 7, 
      "next_state": null
    }
  }, 
  {
    "pk": 13, 
    "model": "tree.transition", 
    "fields": {
      "answer": 6, 
      "current_state": 8, 
      "next_state": null
    }
  }, 
  {
    "pk": 1, 
    "model": "form.app", 
    "fields": {
      "name": "iavi"
    }
  }, 
  {
    "pk": 100, 
    "model": "patterns.pattern", 
    "fields": {
      "regex": "(reg[a-z]*)", 
      "name": "register"
    }
  }, 
  {
    "pk": 101, 
    "model": "patterns.pattern", 
    "fields": {
      "regex": "(\\d+)", 
      "name": "numbers"
    }
  }, 
  {
    "pk": 102, 
    "model": "patterns.pattern", 
    "fields": {
      "regex": "(\\w+)", 
      "name": "letters"
    }
  }, 
  {
    "pk": 103, 
    "model": "patterns.pattern", 
    "fields": {
      "regex": "(t[a-z]+t)", 
      "name": "test"
    }
  }, 
  {
    "pk": 104, 
    "model": "patterns.pattern", 
    "fields": {
      "regex": "(p[a-z]+p)", 
      "name": "prep"
    }
  },

  
  {
    "pk": 1, 
    "model": "form.form", 
    "fields": {
      "form_tokens": [
        1, 
        2, 
        3, 
        4
      ], 
      "code": 1, 
      "apps": [
        1
      ], 
      "name": "register"
    }
  }, 
  {
    "pk": 2, 
    "model": "form.form", 
    "fields": {
      "form_tokens": [
        5, 
        6
      ], 
      "code": 6, 
      "apps": [
        1
      ], 
      "name": "test"
    }
  }, 
  {
    "pk": 1, 
    "model": "form.token", 
    "fields": {
      "abbreviation": "register", 
      "patterns": [
        100
      ], 
      "name": "register"
    }
  }, 
  {
    "pk": 2, 
    "model": "form.token", 
    "fields": {
      "abbreviation": "language", 
      "patterns": [
        102
      ], 
      "name": "language"
    }
  }, 
  {
    "pk": 3, 
    "model": "form.token", 
    "fields": {
      "abbreviation": "location", 
      "patterns": [
        101
      ], 
      "name": "location"
    }
  }, 
  {
    "pk": 4, 
    "model": "form.token", 
    "fields": {
      "abbreviation": "study_id", 
      "patterns": [
        101
      ], 
      "name": "study id"
    }
  }, 
  {
    "pk": 5, 
    "model": "form.token", 
    "fields": {
      "abbreviation": "time", 
      "patterns": [
        101
      ], 
      "name": "time"
    }
  }, 
  {
    "pk": 6, 
    "model": "form.token", 
    "fields": {
      "abbreviation": "test", 
      "patterns": [
        103
      ], 
      "name": "test"
    }
  }, 
  {
    "pk": 7, 
    "model": "form.token", 
    "fields": {
      "abbreviation": "prep", 
      "patterns": [
        104
      ], 
      "name": "Iavi Keyword"
    }
  }, 
  {
    "pk": 1, 
    "model": "form.formtoken", 
    "fields": {
      "token": 2, 
      "required": true, 
      "sequence": 1
    }
  }, 
  {
    "pk": 2, 
    "model": "form.formtoken", 
    "fields": {
      "token": 3, 
      "required": true, 
      "sequence": 2
    }
  }, 
  {
    "pk": 3, 
    "model": "form.formtoken", 
    "fields": {
      "token": 4, 
      "required": true, 
      "sequence": 3
    }
  }, 
  {
    "pk": 4, 
    "model": "form.formtoken", 
    "fields": {
      "token": 5, 
      "required": false, 
      "sequence": 4
    }
  }, 
  {
    "pk": 5, 
    "model": "form.formtoken", 
    "fields": {
      "token": 3, 
      "required": true, 
      "sequence": 1
    }
  }, 
  {
    "pk": 6, 
    "model": "form.formtoken", 
    "fields": {
      "token": 4, 
      "required": true, 
      "sequence": 2
    }
  }, 
  {
    "pk": 1, 
    "model": "form.domainform", 
    "fields": {
      "form": 1, 
      "sequence": 1
    }
  }, 
  {
    "pk": 2, 
    "model": "form.domainform", 
    "fields": {
      "form": 2, 
      "sequence": 2
    }
  }, 
  {
    "pk": 1, 
    "model": "form.domain", 
    "fields": {
      "code": 7, 
      "domain_forms": [
        1, 
        2
      ], 
      "name": "Iavi"
    }
  }, 
  {
    "pk": 1, 
    "model": "form.formentry", 
    "fields": {
      "date": "2009-06-10 17:58:39", 
      "domain": 1, 
      "form": 1, 
      "reporter": null
    }
  }, 
  {
    "pk": 2, 
    "model": "form.formentry", 
    "fields": {
      "date": "2009-06-10 18:04:05", 
      "domain": 1, 
      "form": 1, 
      "reporter": null
    }
  }, 
  {
    "pk": 3, 
    "model": "form.formentry", 
    "fields": {
      "date": "2009-06-10 18:05:36", 
      "domain": 1, 
      "form": 1, 
      "reporter": null
    }
  }, 
  {
    "pk": 4, 
    "model": "form.formentry", 
    "fields": {
      "date": "2009-06-10 18:09:16", 
      "domain": 1, 
      "form": 1, 
      "reporter": null
    }
  }, 
  {
    "pk": 5, 
    "model": "form.formentry", 
    "fields": {
      "date": "2009-06-10 18:10:03", 
      "domain": 1, 
      "form": 1, 
      "reporter": null
    }
  }, 
  {
    "pk": 6, 
    "model": "form.formentry", 
    "fields": {
      "date": "2009-06-10 18:10:31", 
      "domain": 1, 
      "form": 1, 
      "reporter": null
    }
  }, 
  {
    "pk": 7, 
    "model": "form.formentry", 
    "fields": {
      "date": "2009-06-10 18:11:16", 
      "domain": 1, 
      "form": 1, 
      "reporter": null
    }
  }, 
  {
    "pk": 8, 
    "model": "form.formentry", 
    "fields": {
      "date": "2009-06-10 18:11:56", 
      "domain": 1, 
      "form": 1, 
      "reporter": null
    }
  }, 
  {
    "pk": 9, 
    "model": "form.formentry", 
    "fields": {
      "date": "2009-06-10 18:12:38", 
      "domain": 1, 
      "form": 1, 
      "reporter": null
    }
  }, 
  {
    "pk": 10, 
    "model": "form.formentry", 
    "fields": {
      "date": "2009-06-10 18:13:48", 
      "domain": 1, 
      "form": 1, 
      "reporter": null
    }
  }, 
  {
    "pk": 11, 
    "model": "form.formentry", 
    "fields": {
      "date": "2009-06-10 18:14:13", 
      "domain": 1, 
      "form": 1, 
      "reporter": null
    }
  }, 
  {
    "pk": 1, 
    "model": "form.tokenentry", 
    "fields": {
      "token": 2, 
      "data": "en", 
      "form_entry": 1
    }
  }, 
  {
    "pk": 2, 
    "model": "form.tokenentry", 
    "fields": {
      "token": 3, 
      "data": "22", 
      "form_entry": 1
    }
  }, 
  {
    "pk": 3, 
    "model": "form.tokenentry", 
    "fields": {
      "token": 4, 
      "data": "001", 
      "form_entry": 1
    }
  }, 
  {
    "pk": 4, 
    "model": "form.tokenentry", 
    "fields": {
      "token": 5, 
      "data": "", 
      "form_entry": 1
    }
  }, 
  {
    "pk": 5, 
    "model": "form.tokenentry", 
    "fields": {
      "token": 2, 
      "data": "en", 
      "form_entry": 2
    }
  }, 
  {
    "pk": 6, 
    "model": "form.tokenentry", 
    "fields": {
      "token": 3, 
      "data": "22", 
      "form_entry": 2
    }
  }, 
  {
    "pk": 7, 
    "model": "form.tokenentry", 
    "fields": {
      "token": 4, 
      "data": "001", 
      "form_entry": 2
    }
  }, 
  {
    "pk": 8, 
    "model": "form.tokenentry", 
    "fields": {
      "token": 5, 
      "data": "", 
      "form_entry": 2
    }
  }, 
  {
    "pk": 9, 
    "model": "form.tokenentry", 
    "fields": {
      "token": 2, 
      "data": "en", 
      "form_entry": 3
    }
  }, 
  {
    "pk": 10, 
    "model": "form.tokenentry", 
    "fields": {
      "token": 3, 
      "data": "22", 
      "form_entry": 3
    }
  }, 
  {
    "pk": 11, 
    "model": "form.tokenentry", 
    "fields": {
      "token": 4, 
      "data": "001", 
      "form_entry": 3
    }
  }, 
  {
    "pk": 12, 
    "model": "form.tokenentry", 
    "fields": {
      "token": 5, 
      "data": "", 
      "form_entry": 3
    }
  }, 
  {
    "pk": 13, 
    "model": "form.tokenentry", 
    "fields": {
      "token": 2, 
      "data": "en", 
      "form_entry": 4
    }
  }, 
  {
    "pk": 14, 
    "model": "form.tokenentry", 
    "fields": {
      "token": 3, 
      "data": "22", 
      "form_entry": 4
    }
  }, 
  {
    "pk": 15, 
    "model": "form.tokenentry", 
    "fields": {
      "token": 4, 
      "data": "001", 
      "form_entry": 4
    }
  }, 
  {
    "pk": 16, 
    "model": "form.tokenentry", 
    "fields": {
      "token": 5, 
      "data": "", 
      "form_entry": 4
    }
  }, 
  {
    "pk": 17, 
    "model": "form.tokenentry", 
    "fields": {
      "token": 2, 
      "data": "en", 
      "form_entry": 5
    }
  }, 
  {
    "pk": 18, 
    "model": "form.tokenentry", 
    "fields": {
      "token": 3, 
      "data": "22", 
      "form_entry": 5
    }
  }, 
  {
    "pk": 19, 
    "model": "form.tokenentry", 
    "fields": {
      "token": 4, 
      "data": "001", 
      "form_entry": 5
    }
  }, 
  {
    "pk": 20, 
    "model": "form.tokenentry", 
    "fields": {
      "token": 5, 
      "data": "", 
      "form_entry": 5
    }
  }, 
  {
    "pk": 21, 
    "model": "form.tokenentry", 
    "fields": {
      "token": 2, 
      "data": "en", 
      "form_entry": 6
    }
  }, 
  {
    "pk": 22, 
    "model": "form.tokenentry", 
    "fields": {
      "token": 3, 
      "data": "22", 
      "form_entry": 6
    }
  }, 
  {
    "pk": 23, 
    "model": "form.tokenentry", 
    "fields": {
      "token": 4, 
      "data": "001", 
      "form_entry": 6
    }
  }, 
  {
    "pk": 24, 
    "model": "form.tokenentry", 
    "fields": {
      "token": 5, 
      "data": "", 
      "form_entry": 6
    }
  }, 
  {
    "pk": 25, 
    "model": "form.tokenentry", 
    "fields": {
      "token": 2, 
      "data": "en", 
      "form_entry": 7
    }
  }, 
  {
    "pk": 26, 
    "model": "form.tokenentry", 
    "fields": {
      "token": 3, 
      "data": "22", 
      "form_entry": 7
    }
  }, 
  {
    "pk": 27, 
    "model": "form.tokenentry", 
    "fields": {
      "token": 4, 
      "data": "001", 
      "form_entry": 7
    }
  }, 
  {
    "pk": 28, 
    "model": "form.tokenentry", 
    "fields": {
      "token": 5, 
      "data": "", 
      "form_entry": 7
    }
  }, 
  {
    "pk": 29, 
    "model": "form.tokenentry", 
    "fields": {
      "token": 2, 
      "data": "en", 
      "form_entry": 8
    }
  }, 
  {
    "pk": 30, 
    "model": "form.tokenentry", 
    "fields": {
      "token": 3, 
      "data": "22", 
      "form_entry": 8
    }
  }, 
  {
    "pk": 31, 
    "model": "form.tokenentry", 
    "fields": {
      "token": 4, 
      "data": "001", 
      "form_entry": 8
    }
  }, 
  {
    "pk": 32, 
    "model": "form.tokenentry", 
    "fields": {
      "token": 5, 
      "data": "", 
      "form_entry": 8
    }
  }, 
  {
    "pk": 33, 
    "model": "form.tokenentry", 
    "fields": {
      "token": 2, 
      "data": "en", 
      "form_entry": 9
    }
  }, 
  {
    "pk": 34, 
    "model": "form.tokenentry", 
    "fields": {
      "token": 3, 
      "data": "22", 
      "form_entry": 9
    }
  }, 
  {
    "pk": 35, 
    "model": "form.tokenentry", 
    "fields": {
      "token": 4, 
      "data": "001", 
      "form_entry": 9
    }
  }, 
  {
    "pk": 36, 
    "model": "form.tokenentry", 
    "fields": {
      "token": 5, 
      "data": "", 
      "form_entry": 9
    }
  }, 
  {
    "pk": 37, 
    "model": "form.tokenentry", 
    "fields": {
      "token": 2, 
      "data": "en", 
      "form_entry": 10
    }
  }, 
  {
    "pk": 38, 
    "model": "form.tokenentry", 
    "fields": {
      "token": 3, 
      "data": "22", 
      "form_entry": 10
    }
  }, 
  {
    "pk": 39, 
    "model": "form.tokenentry", 
    "fields": {
      "token": 4, 
      "data": "001", 
      "form_entry": 10
    }
  }, 
  {
    "pk": 40, 
    "model": "form.tokenentry", 
    "fields": {
      "token": 5, 
      "data": "", 
      "form_entry": 10
    }
  }, 
  {
    "pk": 41, 
    "model": "form.tokenentry", 
    "fields": {
      "token": 2, 
      "data": "en", 
      "form_entry": 11
    }
  }, 
  {
    "pk": 42, 
    "model": "form.tokenentry", 
    "fields": {
      "token": 3, 
      "data": "22", 
      "form_entry": 11
    }
  }, 
  {
    "pk": 43, 
    "model": "form.tokenentry", 
    "fields": {
      "token": 4, 
      "data": "001", 
      "form_entry": 11
    }
  }, 
  {
    "pk": 44, 
    "model": "form.tokenentry", 
    "fields": {
      "token": 5, 
      "data": "", 
      "form_entry": 11
    }
  },
  {
    "pk": 1, 
    "model": "locations.locationtype", 
    "fields": {
      "name": "Uganda Location"
    }
  }, 
  {
    "pk": 2, 
    "model": "locations.locationtype", 
    "fields": {
      "name": "Kenya Location"
    }
  }, 
  {
    "pk": 1, 
    "model": "locations.location", 
    "fields": {
      "code": "19", 
      "name": "MRC - Masaka", 
      "parent": null, 
      "longitude": null, 
      "latitude": null, 
      "type": 1
    }
  }, 
  {
    "pk": 2, 
    "model": "locations.location", 
    "fields": {
      "code": "21", 
      "name": "CGMRC - Mtwapa/Kilifi", 
      "parent": null, 
      "longitude": null, 
      "latitude": null, 
      "type": 2
    }
  }, 
  {
    "pk": 3, 
    "model": "locations.location", 
    "fields": {
      "code": "22", 
      "name": "KAVI - Kangemi", 
      "parent": null, 
      "longitude": null, 
      "latitude": null, 
      "type": 2
    }
  }
]
